est_res_pop_ur_erp_30_jun_f_75_79_yrs_num, est_res_pop_ur_erp_30_jun_p_0_4_yrs_num, aus_citizenship_aus_citizen_net_mig_pr100, lga_code18, est_res_pop_ur_erp_30_jun_f_25_29_yrs_num, est_res_pop_ur_erp_30_jun_p_70_74_yrs_num, est_res_pop_ur_erp_30_jun_f_30_34_yrs_num, regional_mig_internal_mig_departures_num, est_res_pop_ur_erp_30_jun_p_15_19_yrs_num, regional_mig_ovs_mig_arrivals_num, ovs_brn_pop_prop_tot_pop_brn_oce_ar_excl_aus_net_mig_pr100, est_res_pop_ur_erp_30_jun_p_30_34_yrs_num, est_res_pop_ur_erp_30_jun_f_70_74_yrs_num, est_res_pop_ur_erp_30_jun_p_0_14_yrs_pr100, est_res_pop_ur_erp_30_jun_p_40_44_yrs_num, est_res_pop_ur_erp_30_jun_p_tot_num, est_res_pop_ur_erp_30_jun_m_60_64_yrs_num, est_res_pop_ur_erp_30_jun_p_35_44_yrs_pr100, rel_aff_islam_net_mig_pr100, est_res_pop_ur_erp_30_jun_m_20_24_yrs_num, est_res_pop_ur_erp_30_jun_p_10_14_yrs_num, ovs_brn_pop_prop_tot_pop_brn_s_eastern_eu_net_mig_pr100, est_res_pop_ur_erp_30_jun_p_65_69_yrs_num, est_res_pop_ur_erp_30_jun_p_85_yrs_ov_pr100, regional_mig_ovs_mig_net_mig_num, est_res_pop_ur_erp_30_jun_f_50_54_yrs_num, est_res_pop_ur_erp_30_jun_p_65_74_yrs_pr100, lga_name18, est_res_pop_ur_erp_30_jun_f_35_39_yrs_num, est_res_pop_ur_erp_30_jun_p_75_84_yrs_pr100, est_res_pop_ur_erp_30_jun_p_50_54_yrs_num, est_res_pop_ur_erp_30_jun_m_30_34_yrs_num, est_res_pop_ur_erp_30_jun_m_tot_num, est_res_pop_ur_erp_30_jun_m_65_69_yrs_num, est_res_pop_ur_erp_30_jun_m_75_79_yrs_num, births_dth_stnd_death_rt_per_1000_pop_p_rt, est_res_pop_ur_erp_30_jun_m_85_yrs_ov_num, est_res_pop_ur_erp_30_jun_f_tot_num, est_res_pop_ur_erp_30_jun_m_55_59_yrs_num, est_res_pop_ur_erp_30_jun_f_55_59_yrs_num, est_res_pop_ur_erp_30_jun_f_80_84_yrs_num, ovs_brn_pop_prop_tot_pop_brn_sea_net_mig_pr100, est_res_pop_ur_erp_30_jun_m_35_39_yrs_num, est_res_pop_ur_erp_30_jun_m_5_9_yrs_num, est_res_pop_ur_erp_30_jun_f_15_19_yrs_num, births_dth_tot_fert_rt_per_f_p_rt, ovs_brn_pop_prop_tot_pop_brn_ne_asia_net_mig_pr100, est_res_pop_ur_erp_30_jun_p_60_64_yrs_num, ovs_brn_pop_prop_tot_pop_tot_brn_ovs_net_mig_pr100, ovs_brn_pop_prop_tot_pop_brn_n_africa_middle_east_net_mig_pr100, est_res_pop_ur_erp_30_jun_p_20_24_yrs_num, est_res_pop_ur_erp_30_jun_p_25_34_yrs_pr100, est_res_pop_ur_erp_30_jun_p_wrking_age_pop_15_64_yrs_pr100, regional_mig_internal_mig_net_mig_num, regional_mig_ovs_mig_departures_num, est_res_pop_ur_erp_30_jun_p_35_39_yrs_num, est_res_pop_ur_erp_30_jun_m_40_44_yrs_num, est_res_pop_ur_erp_30_jun_med_age_ur_erp_30_jun_p_yrs, est_res_pop_ur_erp_30_jun_m_50_54_yrs_num, est_res_pop_ur_erp_30_jun_p_85_yrs_ov_num, est_res_pop_ur_erp_30_jun_m_10_14_yrs_num, est_res_pop_ur_erp_30_jun_p_45_54_yrs_pr100, est_res_pop_ur_erp_30_jun_f_0_4_yrs_num, est_res_pop_ur_erp_30_jun_p_75_79_yrs_num, ovs_brn_pop_prop_tot_pop_brn_americas_net_mig_pr100, est_res_pop_ur_erp_30_jun_f_60_64_yrs_num, rel_aff_hinduism_net_mig_pr100, est_res_pop_ur_erp_30_jun_p_15_24_yrs_pr100, ab_torres_strait_islander_ppls_prop_tot_pop_net_mig_pr100, est_res_pop_ur_erp_30_jun_f_45_49_yrs_num, est_res_pop_ur_erp_30_jun_med_age_ur_erp_30_jun_m_yrs, ovs_brn_pop_prop_tot_pop_brn_s_c_asia_net_mig_pr100, est_res_pop_ur_erp_30_jun_p_80_84_yrs_num, est_res_pop_ur_erp_30_jun_f_10_14_yrs_num, ogc_fid, rel_aff_inadequately_described_ns_net_mig_pr100, pop_density_pop_density_p_p_km2, ovs_brn_pop_prop_tot_pop_brn_n_west_eu_net_mig_pr100, est_res_pop_ur_erp_30_jun_m_15_19_yrs_num, aus_citizenship_no_aus_citizen_net_mig_pr100, est_res_pop_ur_erp_30_jun_p_55_64_yrs_pr100, est_res_pop_ur_erp_30_jun_f_40_44_yrs_num, est_res_pop_ur_erp_30_jun_p_45_49_yrs_num, est_res_pop_ur_erp_30_jun_p_55_59_yrs_num, rel_aff_sec_bels_oth_sprt_blfs_no_rel_aff_net_mig_pr100, rel_aff_buddhism_net_mig_pr100, est_res_pop_ur_erp_30_jun_m_70_74_yrs_num, est_res_pop_ur_erp_30_jun_f_65_69_yrs_num, est_res_pop_ur_erp_30_jun_m_45_49_yrs_num, est_res_pop_ur_erp_30_jun_med_age_ur_erp_30_jun_f_yrs, regional_mig_internal_mig_arrivals_num, spks_lang_oth_eng_home_prop_tot_pop_net_mig_pr100, est_res_pop_ur_erp_30_jun_m_25_29_yrs_num, est_res_pop_ur_erp_30_jun_p_25_29_yrs_num, births_dth_dth_p_num, aus_citizenship_aus_citizenship_ns_net_mig_pr100, rel_aff_oth_religions_net_mig_pr100, rel_aff_christianity_net_mig_pr100, est_res_pop_ur_erp_30_jun_p_5_9_yrs_num, est_res_pop_ur_erp_30_jun_f_5_9_yrs_num, est_res_pop_ur_erp_30_jun_f_20_24_yrs_num, est_res_pop_ur_erp_30_jun_f_85_yrs_ov_num, births_dth_births_p_num, yr, est_res_pop_ur_erp_30_jun_m_80_84_yrs_num, ovs_brn_pop_prop_tot_pop_brn_sub_sar_afr_net_mig_pr100, est_res_pop_ur_erp_30_jun_m_0_4_yrs_num, rel_aff_judaism_net_mig_pr100
null,null,null,"24600",null,null,null,16649,null,24295,null,null,null,null,null,169961,null,null,null,null,null,null,null,null,8873,null,null,"Melbourne (C)",null,null,null,null,null,null,null,null,null,null,null,null,null,null,null,null,null,null,null,null,null,null,null,null,null,1047,15422,null,null,null,null,null,null,null,null,null,null,null,null,null,null,null,null,null,null,null,78,null,4550.3,null,null,null,null,null,null,null,null,null,null,null,null,null,17696,null,null,null,null,null,null,null,null,null,null,null,null,"2018",null,null,null,null
null,null,null,"26610",null,null,null,1434,null,238,null,null,null,null,null,20759,null,null,null,null,null,null,null,null,149,null,null,"Swan Hill (RC)",null,null,null,null,null,null,null,null,null,null,null,null,null,null,null,null,null,null,null,null,null,null,null,null,null,-364,89,null,null,null,null,null,null,null,null,null,null,null,null,null,null,null,null,null,null,null,134,null,3.4,null,null,null,null,null,null,null,null,null,null,null,null,null,1070,null,null,null,null,null,null,null,null,null,null,null,null,"2018",null,null,null,null
null,null,null,"23810",null,null,null,4134,null,381,null,null,null,null,null,75211,null,null,null,null,null,null,null,null,240,null,null,"Latrobe (C) (Vic.)",null,null,null,null,null,null,null,null,null,null,null,null,null,null,null,null,null,null,null,null,null,null,null,null,null,-172,141,null,null,null,null,null,null,null,null,null,null,null,null,null,null,null,null,null,null,null,155,null,52.8,null,null,null,null,null,null,null,null,null,null,null,null,null,3962,null,null,null,null,null,null,null,null,null,null,null,null,"2018",null,null,null,null
null,null,null,"23430",null,null,null,11688,null,3522,null,null,null,null,null,163431,null,null,null,null,null,null,null,null,2129,null,null,"Kingston (C) (Vic.)",null,null,null,null,null,null,null,null,null,null,null,null,null,null,null,null,null,null,null,null,null,null,null,null,null,-430,1393,null,null,null,null,null,null,null,null,null,null,null,null,null,null,null,null,null,null,null,162,null,1788.7,null,null,null,null,null,null,null,null,null,null,null,null,null,11258,null,null,null,null,null,null,null,null,null,null,null,null,"2018",null,null,null,null
null,null,null,"24850",null,null,null,3356,null,374,null,null,null,null,null,44299,null,null,null,null,null,null,null,null,234,null,null,"Mitchell (S)",null,null,null,null,null,null,null,null,null,null,null,null,null,null,null,null,null,null,null,null,null,null,null,null,null,799,140,null,null,null,null,null,null,null,null,null,null,null,null,null,null,null,null,null,null,null,169,null,15.5,null,null,null,null,null,null,null,null,null,null,null,null,null,4155,null,null,null,null,null,null,null,null,null,null,null,null,"2018",null,null,null,null
null,null,null,"24780",null,null,null,3041,null,737,null,null,null,null,null,55515,null,null,null,null,null,null,null,null,462,null,null,"Mildura (RC)",null,null,null,null,null,null,null,null,null,null,null,null,null,null,null,null,null,null,null,null,null,null,null,null,null,-319,275,null,null,null,null,null,null,null,null,null,null,null,null,null,null,null,null,null,null,null,190,null,2.5,null,null,null,null,null,null,null,null,null,null,null,null,null,2722,null,null,null,null,null,null,null,null,null,null,null,null,"2018",null,null,null,null
null,null,null,"21270",null,null,null,393,null,27,null,null,null,null,null,6184,null,null,null,null,null,null,null,null,17,null,null,"Buloke (S)",null,null,null,null,null,null,null,null,null,null,null,null,null,null,null,null,null,null,null,null,null,null,null,null,null,-16,10,null,null,null,null,null,null,null,null,null,null,null,null,null,null,null,null,null,null,null,232,null,0.8,null,null,null,null,null,null,null,null,null,null,null,null,null,377,null,null,null,null,null,null,null,null,null,null,null,null,"2018",null,null,null,null
null,null,null,"20740",null,null,null,2309,null,192,null,null,null,null,null,35327,null,null,null,null,null,null,null,null,121,null,null,"Bass Coast (S)",null,null,null,null,null,null,null,null,null,null,null,null,null,null,null,null,null,null,null,null,null,null,null,null,null,871,71,null,null,null,null,null,null,null,null,null,null,null,null,null,null,null,null,null,null,null,309,null,40.8,null,null,null,null,null,null,null,null,null,null,null,null,null,3180,null,null,null,null,null,null,null,null,null,null,null,null,"2018",null,null,null,null
null,null,null,"25620",null,null,null,965,null,83,null,null,null,null,null,14478,null,null,null,null,null,null,null,null,52,null,null,"Murrindindi (S)",null,null,null,null,null,null,null,null,null,null,null,null,null,null,null,null,null,null,null,null,null,null,null,null,null,193,31,null,null,null,null,null,null,null,null,null,null,null,null,null,null,null,null,null,null,null,358,null,3.7,null,null,null,null,null,null,null,null,null,null,null,null,null,1158,null,null,null,null,null,null,null,null,null,null,null,null,"2018",null,null,null,null
null,null,null,"25990",null,null,null,610,null,16,null,null,null,null,null,7353,null,null,null,null,null,null,null,null,9,null,null,"Pyrenees (S)",null,null,null,null,null,null,null,null,null,null,null,null,null,null,null,null,null,null,null,null,null,null,null,null,null,-22,7,null,null,null,null,null,null,null,null,null,null,null,null,null,null,null,null,null,null,null,456,null,2.1,null,null,null,null,null,null,null,null,null,null,null,null,null,588,null,null,null,null,null,null,null,null,null,null,null,null,"2018",null,null,null,null
null,null,null,"25900",null,null,null,11615,null,5283,null,null,null,null,null,113200,null,null,null,null,null,null,null,null,2178,null,null,"Port Phillip (C)",null,null,null,null,null,null,null,null,null,null,null,null,null,null,null,null,null,null,null,null,null,null,null,null,null,-466,3105,null,null,null,null,null,null,null,null,null,null,null,null,null,null,null,null,null,null,null,442,null,5466.2,null,null,null,null,null,null,null,null,null,null,null,null,null,11149,null,null,null,null,null,null,null,null,null,null,null,null,"2018",null,null,null,null
null,null,null,"26080",null,null,null,269,null,22,null,null,null,null,null,2982,null,null,null,null,null,null,null,null,14,null,null,"Queenscliffe (B)",null,null,null,null,null,null,null,null,null,null,null,null,null,null,null,null,null,null,null,null,null,null,null,null,null,27,8,null,null,null,null,null,null,null,null,null,null,null,null,null,null,null,null,null,null,null,610,null,346.1,null,null,null,null,null,null,null,null,null,null,null,null,null,296,null,null,null,null,null,null,null,null,null,null,null,null,"2018",null,null,null,null
null,null,null,"27260",null,null,null,14685,null,7613,null,null,null,null,null,255322,null,null,null,null,null,null,null,null,4717,null,null,"Wyndham (C)",null,null,null,null,null,null,null,null,null,null,null,null,null,null,null,null,null,null,null,null,null,null,null,null,null,5472,2896,null,null,null,null,null,null,null,null,null,null,null,null,null,null,null,null,null,null,null,638,null,471.0,null,null,null,null,null,null,null,null,null,null,null,null,null,20157,null,null,null,null,null,null,null,null,null,null,null,null,"2018",null,null,null,null
null,null,null,"24250",null,null,null,558,null,100,null,null,null,null,null,8979,null,null,null,null,null,null,null,null,62,null,null,"Mansfield (S)",null,null,null,null,null,null,null,null,null,null,null,null,null,null,null,null,null,null,null,null,null,null,null,null,null,121,38,null,null,null,null,null,null,null,null,null,null,null,null,null,null,null,null,null,null,null,645,null,2.3,null,null,null,null,null,null,null,null,null,null,null,null,null,679,null,null,null,null,null,null,null,null,null,null,null,null,"2018",null,null,null,null
null,null,null,"25150",null,null,null,2228,null,130,null,null,null,null,null,34158,null,null,null,null,null,null,null,null,81,null,null,"Moorabool (S)",null,null,null,null,null,null,null,null,null,null,null,null,null,null,null,null,null,null,null,null,null,null,null,null,null,419,49,null,null,null,null,null,null,null,null,null,null,null,null,null,null,null,null,null,null,null,673,null,16.2,null,null,null,null,null,null,null,null,null,null,null,null,null,2647,null,null,null,null,null,null,null,null,null,null,null,null,"2018",null,null,null,null
null,null,null,"21750",null,null,null,1155,null,131,null,null,null,null,null,21503,null,null,null,null,null,null,null,null,83,null,null,"Colac-Otway (S)",null,null,null,null,null,null,null,null,null,null,null,null,null,null,null,null,null,null,null,null,null,null,null,null,null,-93,48,null,null,null,null,null,null,null,null,null,null,null,null,null,null,null,null,null,null,null,750,null,6.3,null,null,null,null,null,null,null,null,null,null,null,null,null,1062,null,null,null,null,null,null,null,null,null,null,null,null,"2018",null,null,null,null
null,null,null,"26260",null,null,null,983,null,90,null,null,null,null,null,16135,null,null,null,null,null,null,null,null,56,null,null,"Southern Grampians (S)",null,null,null,null,null,null,null,null,null,null,null,null,null,null,null,null,null,null,null,null,null,null,null,null,null,-79,34,null,null,null,null,null,null,null,null,null,null,null,null,null,null,null,null,null,null,null,890,null,2.4,null,null,null,null,null,null,null,null,null,null,null,null,null,904,null,null,null,null,null,null,null,null,null,null,null,null,"2018",null,null,null,null
null,null,null,"23190",null,null,null,1189,null,91,null,null,null,null,null,19875,null,null,null,null,null,null,null,null,57,null,null,"Horsham (RC)",null,null,null,null,null,null,null,null,null,null,null,null,null,null,null,null,null,null,null,null,null,null,null,null,null,-135,34,null,null,null,null,null,null,null,null,null,null,null,null,null,null,null,null,null,null,null,897,null,4.7,null,null,null,null,null,null,null,null,null,null,null,null,null,1054,null,null,null,null,null,null,null,null,null,null,null,null,"2018",null,null,null,null
null,null,null,"21180",null,null,null,14709,null,5078,null,null,null,null,null,208714,null,null,null,null,null,null,null,null,3189,null,null,"Brimbank (C)",null,null,null,null,null,null,null,null,null,null,null,null,null,null,null,null,null,null,null,null,null,null,null,null,null,-3232,1889,null,null,null,null,null,null,null,null,null,null,null,null,null,null,null,null,null,null,null,904,null,1691.4,null,null,null,null,null,null,null,null,null,null,null,null,null,11477,null,null,null,null,null,null,null,null,null,null,null,null,"2018",null,null,null,null
null,null,null,"22620",null,null,null,5224,null,807,null,null,null,null,null,116045,null,null,null,null,null,null,null,null,501,null,null,"Greater Bendigo (C)",null,null,null,null,null,null,null,null,null,null,null,null,null,null,null,null,null,null,null,null,null,null,null,null,null,980,306,null,null,null,null,null,null,null,null,null,null,null,null,null,null,null,null,null,null,null,848,null,38.7,null,null,null,null,null,null,null,null,null,null,null,null,null,6204,null,null,null,null,null,null,null,null,null,null,null,null,"2018",null,null,null,null
null,null,null,"23110",null,null,null,7262,null,1885,null,null,null,null,null,96470,null,null,null,null,null,null,null,null,1114,null,null,"Hobsons Bay (C)",null,null,null,null,null,null,null,null,null,null,null,null,null,null,null,null,null,null,null,null,null,null,null,null,null,-422,771,null,null,null,null,null,null,null,null,null,null,null,null,null,null,null,null,null,null,null,813,null,1501.7,null,null,null,null,null,null,null,null,null,null,null,null,null,6840,null,null,null,null,null,null,null,null,null,null,null,null,"2018",null,null,null,null
null,null,null,"20830",null,null,null,3127,null,213,null,null,null,null,null,52015,null,null,null,null,null,null,null,null,132,null,null,"Baw Baw (S)",null,null,null,null,null,null,null,null,null,null,null,null,null,null,null,null,null,null,null,null,null,null,null,null,null,1015,81,null,null,null,null,null,null,null,null,null,null,null,null,null,null,null,null,null,null,null,946,null,12.9,null,null,null,null,null,null,null,null,null,null,null,null,null,4142,null,null,null,null,null,null,null,null,null,null,null,null,"2018",null,null,null,null
null,null,null,"25250",null,null,null,14891,null,6388,null,null,null,null,null,181725,null,null,null,null,null,null,null,null,3542,null,null,"Moreland (C)",null,null,null,null,null,null,null,null,null,null,null,null,null,null,null,null,null,null,null,null,null,null,null,null,null,-194,2846,null,null,null,null,null,null,null,null,null,null,null,null,null,null,null,null,null,null,null,974,null,3566.6,null,null,null,null,null,null,null,null,null,null,null,null,null,14697,null,null,null,null,null,null,null,null,null,null,null,null,"2018",null,null,null,null
null,null,null,"26810",null,null,null,3000,null,295,null,null,null,null,null,44019,null,null,null,null,null,null,null,null,186,null,null,"Wellington (S)",null,null,null,null,null,null,null,null,null,null,null,null,null,null,null,null,null,null,null,null,null,null,null,null,null,-25,109,null,null,null,null,null,null,null,null,null,null,null,null,null,null,null,null,null,null,null,1044,null,4.1,null,null,null,null,null,null,null,null,null,null,null,null,null,2975,null,null,null,null,null,null,null,null,null,null,null,null,"2018",null,null,null,null
null,null,null,"22410",null,null,null,1205,null,55,null,null,null,null,null,19665,null,null,null,null,null,null,null,null,34,null,null,"Glenelg (S)",null,null,null,null,null,null,null,null,null,null,null,null,null,null,null,null,null,null,null,null,null,null,null,null,null,-39,21,null,null,null,null,null,null,null,null,null,null,null,null,null,null,null,null,null,null,null,1072,null,3.2,null,null,null,null,null,null,null,null,null,null,null,null,null,1166,null,null,null,null,null,null,null,null,null,null,null,null,"2018",null,null,null,null
null,null,null,"22310",null,null,null,11907,null,5649,null,null,null,null,null,153858,null,null,null,null,null,null,null,null,2775,null,null,"Glen Eira (C)",null,null,null,null,null,null,null,null,null,null,null,null,null,null,null,null,null,null,null,null,null,null,null,null,null,-1097,2874,null,null,null,null,null,null,null,null,null,null,null,null,null,null,null,null,null,null,null,1030,null,3976.6,null,null,null,null,null,null,null,null,null,null,null,null,null,10810,null,null,null,null,null,null,null,null,null,null,null,null,"2018",null,null,null,null
null,null,null,"26490",null,null,null,2112,null,275,null,null,null,null,null,32251,null,null,null,null,null,null,null,null,171,null,null,"Surf Coast (S)",null,null,null,null,null,null,null,null,null,null,null,null,null,null,null,null,null,null,null,null,null,null,null,null,null,527,104,null,null,null,null,null,null,null,null,null,null,null,null,null,null,null,null,null,null,null,1065,null,20.8,null,null,null,null,null,null,null,null,null,null,null,null,null,2639,null,null,null,null,null,null,null,null,null,null,null,null,"2018",null,null,null,null
null,null,null,"25060",null,null,null,9049,null,2981,null,null,null,null,null,127883,null,null,null,null,null,null,null,null,1750,null,null,"Moonee Valley (C)",null,null,null,null,null,null,null,null,null,null,null,null,null,null,null,null,null,null,null,null,null,null,null,null,null,52,1231,null,null,null,null,null,null,null,null,null,null,null,null,null,null,null,null,null,null,null,1156,null,2964.5,null,null,null,null,null,null,null,null,null,null,null,null,null,9101,null,null,null,null,null,null,null,null,null,null,null,null,"2018",null,null,null,null
null,null,null,"21670",null,null,null,794,null,30,null,null,null,null,null,13209,null,null,null,null,null,null,null,null,18,null,null,"Central Goldfields (S)",null,null,null,null,null,null,null,null,null,null,null,null,null,null,null,null,null,null,null,null,null,null,null,null,null,94,12,null,null,null,null,null,null,null,null,null,null,null,null,null,null,null,null,null,null,null,1221,null,8.6,null,null,null,null,null,null,null,null,null,null,null,null,null,888,null,null,null,null,null,null,null,null,null,null,null,null,"2018",null,null,null,null
null,null,null,"21610",null,null,null,19431,null,6150,null,null,null,null,null,340419,null,null,null,null,null,null,null,null,3865,null,null,"Casey (C)",null,null,null,null,null,null,null,null,null,null,null,null,null,null,null,null,null,null,null,null,null,null,null,null,null,5953,2285,null,null,null,null,null,null,null,null,null,null,null,null,null,null,null,null,null,null,null,1275,null,831.4,null,null,null,null,null,null,null,null,null,null,null,null,null,25384,null,null,null,null,null,null,null,null,null,null,null,null,"2018",null,null,null,null
null,null,null,"27450",null,null,null,9553,null,1021,null,null,null,null,null,158173,null,null,null,null,null,null,null,null,642,null,null,"Yarra Ranges (S)",null,null,null,null,null,null,null,null,null,null,null,null,null,null,null,null,null,null,null,null,null,null,null,null,null,-342,379,null,null,null,null,null,null,null,null,null,null,null,null,null,null,null,null,null,null,null,1282,null,64.1,null,null,null,null,null,null,null,null,null,null,null,null,null,9211,null,null,null,null,null,null,null,null,null,null,null,null,"2018",null,null,null,null
null,null,null,"25490",null,null,null,1225,null,114,null,null,null,null,null,16887,null,null,null,null,null,null,null,null,72,null,null,"Moyne (S)",null,null,null,null,null,null,null,null,null,null,null,null,null,null,null,null,null,null,null,null,null,null,null,null,null,-43,42,null,null,null,null,null,null,null,null,null,null,null,null,null,null,null,null,null,null,null,1205,null,3.1,null,null,null,null,null,null,null,null,null,null,null,null,null,1182,null,null,null,null,null,null,null,null,null,null,null,null,"2018",null,null,null,null
null,null,null,"23670",null,null,null,11471,null,2258,null,null,null,null,null,163203,null,null,null,null,null,null,null,null,1414,null,null,"Knox (C)",null,null,null,null,null,null,null,null,null,null,null,null,null,null,null,null,null,null,null,null,null,null,null,null,null,-808,844,null,null,null,null,null,null,null,null,null,null,null,null,null,null,null,null,null,null,null,1450,null,1432.7,null,null,null,null,null,null,null,null,null,null,null,null,null,10663,null,null,null,null,null,null,null,null,null,null,null,null,"2018",null,null,null,null
null,null,null,"26430",null,null,null,708,null,60,null,null,null,null,null,10645,null,null,null,null,null,null,null,null,38,null,null,"Strathbogie (S)",null,null,null,null,null,null,null,null,null,null,null,null,null,null,null,null,null,null,null,null,null,null,null,null,null,161,22,null,null,null,null,null,null,null,null,null,null,null,null,null,null,null,null,null,null,null,1436,null,3.2,null,null,null,null,null,null,null,null,null,null,null,null,null,869,null,null,null,null,null,null,null,null,null,null,null,null,"2018",null,null,null,null
null,null,null,"27070",null,null,null,11585,null,4900,null,null,null,null,null,223322,null,null,null,null,null,null,null,null,3076,null,null,"Whittlesea (C)",null,null,null,null,null,null,null,null,null,null,null,null,null,null,null,null,null,null,null,null,null,null,null,null,null,2060,1824,null,null,null,null,null,null,null,null,null,null,null,null,null,null,null,null,null,null,null,1569,null,456.0,null,null,null,null,null,null,null,null,null,null,null,null,null,13645,null,null,null,null,null,null,null,null,null,null,null,null,"2018",null,null,null,null
null,null,null,"23940",null,null,null,510,null,22,null,null,null,null,null,7513,null,null,null,null,null,null,null,null,14,null,null,"Loddon (S)",null,null,null,null,null,null,null,null,null,null,null,null,null,null,null,null,null,null,null,null,null,null,null,null,null,8,8,null,null,null,null,null,null,null,null,null,null,null,null,null,null,null,null,null,null,null,1527,null,1.1,null,null,null,null,null,null,null,null,null,null,null,null,null,518,null,null,null,null,null,null,null,null,null,null,null,null,"2018",null,null,null,null
null,null,null,"25710",null,null,null,4129,null,496,null,null,null,null,null,64941,null,null,null,null,null,null,null,null,311,null,null,"Nillumbik (S)",null,null,null,null,null,null,null,null,null,null,null,null,null,null,null,null,null,null,null,null,null,null,null,null,null,-369,185,null,null,null,null,null,null,null,null,null,null,null,null,null,null,null,null,null,null,null,1618,null,150.2,null,null,null,null,null,null,null,null,null,null,null,null,null,3760,null,null,null,null,null,null,null,null,null,null,null,null,"2018",null,null,null,null
null,null,null,"21010",null,null,null,961,null,43,null,null,null,null,null,14024,null,null,null,null,null,null,null,null,26,null,null,"Benalla (RC)",null,null,null,null,null,null,null,null,null,null,null,null,null,null,null,null,null,null,null,null,null,null,null,null,null,47,17,null,null,null,null,null,null,null,null,null,null,null,null,null,null,null,null,null,null,null,1660,null,6.0,null,null,null,null,null,null,null,null,null,null,null,null,null,1008,null,null,null,null,null,null,null,null,null,null,null,null,"2018",null,null,null,null
null,null,null,"22490",null,null,null,1645,null,48,null,null,null,null,null,23120,null,null,null,null,null,null,null,null,30,null,null,"Golden Plains (S)",null,null,null,null,null,null,null,null,null,null,null,null,null,null,null,null,null,null,null,null,null,null,null,null,null,349,18,null,null,null,null,null,null,null,null,null,null,null,null,null,null,null,null,null,null,null,1667,null,8.6,null,null,null,null,null,null,null,null,null,null,null,null,null,1994,null,null,null,null,null,null,null,null,null,null,null,null,"2018",null,null,null,null
null,null,null,"26350",null,null,null,11179,null,5557,null,null,null,null,null,116207,null,null,null,null,null,null,null,null,2124,null,null,"Stonnington (C)",null,null,null,null,null,null,null,null,null,null,null,null,null,null,null,null,null,null,null,null,null,null,null,null,null,-152,3433,null,null,null,null,null,null,null,null,null,null,null,null,null,null,null,null,null,null,null,1709,null,4530.2,null,null,null,null,null,null,null,null,null,null,null,null,null,11027,null,null,null,null,null,null,null,null,null,null,null,null,"2018",null,null,null,null
null,null,null,"23350",null,null,null,1144,null,52,null,null,null,null,null,16490,null,null,null,null,null,null,null,null,33,null,null,"Indigo (S)",null,null,null,null,null,null,null,null,null,null,null,null,null,null,null,null,null,null,null,null,null,null,null,null,null,115,19,null,null,null,null,null,null,null,null,null,null,null,null,null,null,null,null,null,null,null,1716,null,8.1,null,null,null,null,null,null,null,null,null,null,null,null,null,1259,null,null,null,null,null,null,null,null,null,null,null,null,"2018",null,null,null,null
null,null,null,"20570",null,null,null,5311,null,878,null,null,null,null,null,107325,null,null,null,null,null,null,null,null,547,null,null,"Ballarat (C)",null,null,null,null,null,null,null,null,null,null,null,null,null,null,null,null,null,null,null,null,null,null,null,null,null,883,331,null,null,null,null,null,null,null,null,null,null,null,null,null,null,null,null,null,null,null,1730,null,145.2,null,null,null,null,null,null,null,null,null,null,null,null,null,6194,null,null,null,null,null,null,null,null,null,null,null,null,"2018",null,null,null,null
null,null,null,"22750",null,null,null,10517,null,2995,null,null,null,null,null,252217,null,null,null,null,null,null,null,null,1862,null,null,"Greater Geelong (C)",null,null,null,null,null,null,null,null,null,null,null,null,null,null,null,null,null,null,null,null,null,null,null,null,null,3663,1133,null,null,null,null,null,null,null,null,null,null,null,null,null,null,null,null,null,null,null,1751,null,202.1,null,null,null,null,null,null,null,null,null,null,null,null,null,14180,null,null,null,null,null,null,null,null,null,null,null,null,"2018",null,null,null,null
null,null,null,"20110",null,null,null,809,null,115,null,null,null,null,null,12730,null,null,null,null,null,null,null,null,72,null,null,"Alpine (S)",null,null,null,null,null,null,null,null,null,null,null,null,null,null,null,null,null,null,null,null,null,null,null,null,null,42,43,null,null,null,null,null,null,null,null,null,null,null,null,null,null,null,null,null,null,null,1758,null,2.7,null,null,null,null,null,null,null,null,null,null,null,null,null,851,null,null,null,null,null,null,null,null,null,null,null,null,"2018",null,null,null,null
null,null,null,"22110",null,null,null,2326,null,155,null,null,null,null,null,46818,null,null,null,null,null,null,null,null,97,null,null,"East Gippsland (S)",null,null,null,null,null,null,null,null,null,null,null,null,null,null,null,null,null,null,null,null,null,null,null,null,null,635,58,null,null,null,null,null,null,null,null,null,null,null,null,null,null,null,null,null,null,null,1772,null,2.2,null,null,null,null,null,null,null,null,null,null,null,null,null,2961,null,null,null,null,null,null,null,null,null,null,null,null,"2018",null,null,null,null
null,null,null,"25340",null,null,null,9568,null,1157,null,null,null,null,null,165822,null,null,null,null,null,null,null,null,701,null,null,"Mornington Peninsula (S)",null,null,null,null,null,null,null,null,null,null,null,null,null,null,null,null,null,null,null,null,null,null,null,null,null,1208,456,null,null,null,null,null,null,null,null,null,null,null,null,null,null,null,null,null,null,null,1786,null,229.0,null,null,null,null,null,null,null,null,null,null,null,null,null,10776,null,null,null,null,null,null,null,null,null,null,null,null,"2018",null,null,null,null
null,null,null,"26890",null,null,null,287,null,8,null,null,null,null,null,3862,null,null,null,null,null,null,null,null,4,null,null,"West Wimmera (S)",null,null,null,null,null,null,null,null,null,null,null,null,null,null,null,null,null,null,null,null,null,null,null,null,null,-43,4,null,null,null,null,null,null,null,null,null,null,null,null,null,null,null,null,null,null,null,1901,null,0.4,null,null,null,null,null,null,null,null,null,null,null,null,null,244,null,null,null,null,null,null,null,null,null,null,null,null,"2018",null,null,null,null
null,null,null,"25430",null,null,null,1233,null,108,null,null,null,null,null,19514,null,null,null,null,null,null,null,null,67,null,null,"Mount Alexander (S)",null,null,null,null,null,null,null,null,null,null,null,null,null,null,null,null,null,null,null,null,null,null,null,null,null,180,41,null,null,null,null,null,null,null,null,null,null,null,null,null,null,null,null,null,null,null,1849,null,12.8,null,null,null,null,null,null,null,null,null,null,null,null,null,1413,null,null,null,null,null,null,null,null,null,null,null,null,"2018",null,null,null,null
null,null,null,"21110",null,null,null,13849,null,6464,null,null,null,null,null,181289,null,null,null,null,null,null,null,null,2375,null,null,"Boroondara (C)",null,null,null,null,null,null,null,null,null,null,null,null,null,null,null,null,null,null,null,null,null,null,null,null,null,-1068,4089,null,null,null,null,null,null,null,null,null,null,null,null,null,null,null,null,null,null,null,1912,null,3012.6,null,null,null,null,null,null,null,null,null,null,null,null,null,12781,null,null,null,null,null,null,null,null,null,null,null,null,"2018",null,null,null,null
null,null,null,"26170",null,null,null,1810,null,118,null,null,null,null,null,29576,null,null,null,null,null,null,null,null,74,null,null,"South Gippsland (S)",null,null,null,null,null,null,null,null,null,null,null,null,null,null,null,null,null,null,null,null,null,null,null,null,null,151,44,null,null,null,null,null,null,null,null,null,null,null,null,null,null,null,null,null,null,null,1996,null,9.0,null,null,null,null,null,null,null,null,null,null,null,null,null,1961,null,null,null,null,null,null,null,null,null,null,null,null,"2018",null,null,null,null
null,null,null,"21890",null,null,null,13219,null,5344,null,null,null,null,null,161609,null,null,null,null,null,null,null,null,3098,null,null,"Darebin (C)",null,null,null,null,null,null,null,null,null,null,null,null,null,null,null,null,null,null,null,null,null,null,null,null,null,-1198,2246,null,null,null,null,null,null,null,null,null,null,null,null,null,null,null,null,null,null,null,2031,null,3022.4,null,null,null,null,null,null,null,null,null,null,null,null,null,12021,null,null,null,null,null,null,null,null,null,null,null,null,"2018",null,null,null,null
null,null,null,"24330",null,null,null,8881,null,3431,null,null,null,null,null,91387,null,null,null,null,null,null,null,null,2099,null,null,"Maribyrnong (C)",null,null,null,null,null,null,null,null,null,null,null,null,null,null,null,null,null,null,null,null,null,null,null,null,null,-949,1332,null,null,null,null,null,null,null,null,null,null,null,null,null,null,null,null,null,null,null,2073,null,2926.7,null,null,null,null,null,null,null,null,null,null,null,null,null,7932,null,null,null,null,null,null,null,null,null,null,null,null,"2018",null,null,null,null
null,null,null,"21370",null,null,null,2380,null,122,null,null,null,null,null,37592,null,null,null,null,null,null,null,null,76,null,null,"Campaspe (S)",null,null,null,null,null,null,null,null,null,null,null,null,null,null,null,null,null,null,null,null,null,null,null,null,null,-58,46,null,null,null,null,null,null,null,null,null,null,null,null,null,null,null,null,null,null,null,2010,null,8.3,null,null,null,null,null,null,null,null,null,null,null,null,null,2322,null,null,null,null,null,null,null,null,null,null,null,null,"2018",null,null,null,null
null,null,null,"25810",null,null,null,772,null,67,null,null,null,null,null,11431,null,null,null,null,null,null,null,null,42,null,null,"Northern Grampians (S)",null,null,null,null,null,null,null,null,null,null,null,null,null,null,null,null,null,null,null,null,null,null,null,null,null,-99,25,null,null,null,null,null,null,null,null,null,null,null,null,null,null,null,null,null,null,null,2046,null,2.0,null,null,null,null,null,null,null,null,null,null,null,null,null,673,null,null,null,null,null,null,null,null,null,null,null,null,"2018",null,null,null,null
null,null,null,"24130",null,null,null,2934,null,248,null,null,null,null,null,49388,null,null,null,null,null,null,null,null,156,null,null,"Macedon Ranges (S)",null,null,null,null,null,null,null,null,null,null,null,null,null,null,null,null,null,null,null,null,null,null,null,null,null,627,92,null,null,null,null,null,null,null,null,null,null,null,null,null,null,null,null,null,null,null,2122,null,28.2,null,null,null,null,null,null,null,null,null,null,null,null,null,3561,null,null,null,null,null,null,null,null,null,null,null,null,"2018",null,null,null,null
null,null,null,"22170",null,null,null,11032,null,1256,null,null,null,null,null,141845,null,null,null,null,null,null,null,null,788,null,null,"Frankston (C)",null,null,null,null,null,null,null,null,null,null,null,null,null,null,null,null,null,null,null,null,null,null,null,null,null,-664,468,null,null,null,null,null,null,null,null,null,null,null,null,null,null,null,null,null,null,null,2094,null,1094.5,null,null,null,null,null,null,null,null,null,null,null,null,null,10368,null,null,null,null,null,null,null,null,null,null,null,null,"2018",null,null,null,null
null,null,null,"24650",null,null,null,9165,null,2154,null,null,null,null,null,156713,null,null,null,null,null,null,null,null,1354,null,null,"Melton (C)",null,null,null,null,null,null,null,null,null,null,null,null,null,null,null,null,null,null,null,null,null,null,null,null,null,4807,800,null,null,null,null,null,null,null,null,null,null,null,null,null,null,null,null,null,null,null,2178,null,297.1,null,null,null,null,null,null,null,null,null,null,null,null,null,13972,null,null,null,null,null,null,null,null,null,null,null,null,"2018",null,null,null,null
null,null,null,"22250",null,null,null,643,null,8,null,null,null,null,null,10547,null,null,null,null,null,null,null,null,4,null,null,"Gannawarra (S)",null,null,null,null,null,null,null,null,null,null,null,null,null,null,null,null,null,null,null,null,null,null,null,null,null,3,4,null,null,null,null,null,null,null,null,null,null,null,null,null,null,null,null,null,null,null,2199,null,2.8,null,null,null,null,null,null,null,null,null,null,null,null,null,646,null,null,null,null,null,null,null,null,null,null,null,null,"2018",null,null,null,null
null,null,null,"26980",null,null,null,13534,null,7783,null,null,null,null,null,176196,null,null,null,null,null,null,null,null,4317,null,null,"Whitehorse (C)",null,null,null,null,null,null,null,null,null,null,null,null,null,null,null,null,null,null,null,null,null,null,null,null,null,-2076,3466,null,null,null,null,null,null,null,null,null,null,null,null,null,null,null,null,null,null,null,2143,null,2741.1,null,null,null,null,null,null,null,null,null,null,null,null,null,11458,null,null,null,null,null,null,null,null,null,null,null,null,"2018",null,null,null,null
null,null,null,"20660",null,null,null,9888,null,2256,null,null,null,null,null,130237,null,null,null,null,null,null,null,null,1289,null,null,"Banyule (C)",null,null,null,null,null,null,null,null,null,null,null,null,null,null,null,null,null,null,null,null,null,null,null,null,null,-922,967,null,null,null,null,null,null,null,null,null,null,null,null,null,null,null,null,null,null,null,2360,null,2082.5,null,null,null,null,null,null,null,null,null,null,null,null,null,8966,null,null,null,null,null,null,null,null,null,null,null,null,"2018",null,null,null,null
null,null,null,"21830",null,null,null,1056,null,66,null,null,null,null,null,16140,null,null,null,null,null,null,null,null,42,null,null,"Corangamite (S)",null,null,null,null,null,null,null,null,null,null,null,null,null,null,null,null,null,null,null,null,null,null,null,null,null,-86,24,null,null,null,null,null,null,null,null,null,null,null,null,null,null,null,null,null,null,null,2416,null,3.7,null,null,null,null,null,null,null,null,null,null,null,null,null,970,null,null,null,null,null,null,null,null,null,null,null,null,"2018",null,null,null,null
null,null,null,"20260",null,null,null,723,null,102,null,null,null,null,null,11795,null,null,null,null,null,null,null,null,64,null,null,"Ararat (RC)",null,null,null,null,null,null,null,null,null,null,null,null,null,null,null,null,null,null,null,null,null,null,null,null,null,-9,38,null,null,null,null,null,null,null,null,null,null,null,null,null,null,null,null,null,null,null,2430,null,2.8,null,null,null,null,null,null,null,null,null,null,null,null,null,714,null,null,null,null,null,null,null,null,null,null,null,null,"2018",null,null,null,null
null,null,null,"23270",null,null,null,10971,null,5162,null,null,null,null,null,224394,null,null,null,null,null,null,null,null,3234,null,null,"Hume (C)",null,null,null,null,null,null,null,null,null,null,null,null,null,null,null,null,null,null,null,null,null,null,null,null,null,3091,1928,null,null,null,null,null,null,null,null,null,null,null,null,null,null,null,null,null,null,null,2710,null,445.4,null,null,null,null,null,null,null,null,null,null,null,null,null,14062,null,null,null,null,null,null,null,null,null,null,null,null,"2018",null,null,null,null
null,null,null,"26700",null,null,null,1385,null,128,null,null,null,null,null,29087,null,null,null,null,null,null,null,null,78,null,null,"Wangaratta (RC)",null,null,null,null,null,null,null,null,null,null,null,null,null,null,null,null,null,null,null,null,null,null,null,null,null,138,50,null,null,null,null,null,null,null,null,null,null,null,null,null,null,null,null,null,null,null,2465,null,8.0,null,null,null,null,null,null,null,null,null,null,null,null,null,1523,null,null,null,null,null,null,null,null,null,null,null,null,"2018",null,null,null,null
null,null,null,"27630",null,null,null,507,null,24,null,null,null,null,null,6658,null,null,null,null,null,null,null,null,15,null,null,"Yarriambiack (S)",null,null,null,null,null,null,null,null,null,null,null,null,null,null,null,null,null,null,null,null,null,null,null,null,null,-11,9,null,null,null,null,null,null,null,null,null,null,null,null,null,null,null,null,null,null,null,2486,null,0.9,null,null,null,null,null,null,null,null,null,null,null,null,null,496,null,null,null,null,null,null,null,null,null,null,null,null,"2018",null,null,null,null
null,null,null,"22980",null,null,null,430,null,21,null,null,null,null,null,5645,null,null,null,null,null,null,null,null,14,null,null,"Hindmarsh (S)",null,null,null,null,null,null,null,null,null,null,null,null,null,null,null,null,null,null,null,null,null,null,null,null,null,-85,7,null,null,null,null,null,null,null,null,null,null,null,null,null,null,null,null,null,null,null,2535,null,0.8,null,null,null,null,null,null,null,null,null,null,null,null,null,345,null,null,null,null,null,null,null,null,null,null,null,null,"2018",null,null,null,null
null,null,null,"24900",null,null,null,1947,null,179,null,null,null,null,null,29799,null,null,null,null,null,null,null,null,113,null,null,"Moira (S)",null,null,null,null,null,null,null,null,null,null,null,null,null,null,null,null,null,null,null,null,null,null,null,null,null,11,66,null,null,null,null,null,null,null,null,null,null,null,null,null,null,null,null,null,null,null,2549,null,7.4,null,null,null,null,null,null,null,null,null,null,null,null,null,1958,null,null,null,null,null,null,null,null,null,null,null,null,"2018",null,null,null,null
null,null,null,"22910",null,null,null,1149,null,79,null,null,null,null,null,15812,null,null,null,null,null,null,null,null,50,null,null,"Hepburn (S)",null,null,null,null,null,null,null,null,null,null,null,null,null,null,null,null,null,null,null,null,null,null,null,null,null,126,29,null,null,null,null,null,null,null,null,null,null,null,null,null,null,null,null,null,null,null,2741,null,10.7,null,null,null,null,null,null,null,null,null,null,null,null,null,1275,null,null,null,null,null,null,null,null,null,null,null,null,"2018",null,null,null,null
null,null,null,"21450",null,null,null,7838,null,871,null,null,null,null,null,107120,null,null,null,null,null,null,null,null,547,null,null,"Cardinia (S)",null,null,null,null,null,null,null,null,null,null,null,null,null,null,null,null,null,null,null,null,null,null,null,null,null,2986,324,null,null,null,null,null,null,null,null,null,null,null,null,null,null,null,null,null,null,null,2661,null,83.5,null,null,null,null,null,null,null,null,null,null,null,null,null,10824,null,null,null,null,null,null,null,null,null,null,null,null,"2018",null,null,null,null
null,null,null,"20910",null,null,null,6983,null,2411,null,null,null,null,null,105718,null,null,null,null,null,null,null,null,999,null,null,"Bayside (C)",null,null,null,null,null,null,null,null,null,null,null,null,null,null,null,null,null,null,null,null,null,null,null,null,null,278,1412,null,null,null,null,null,null,null,null,null,null,null,null,null,null,null,null,null,null,null,2675,null,2841.0,null,null,null,null,null,null,null,null,null,null,null,null,null,7261,null,null,null,null,null,null,null,null,null,null,null,null,"2018",null,null,null,null
null,null,null,"22670",null,null,null,12799,null,6275,null,null,null,null,null,166094,null,null,null,null,null,null,null,null,3940,null,null,"Greater Dandenong (C)",null,null,null,null,null,null,null,null,null,null,null,null,null,null,null,null,null,null,null,null,null,null,null,null,null,-2858,2335,null,null,null,null,null,null,null,null,null,null,null,null,null,null,null,null,null,null,null,2815,null,1282.1,null,null,null,null,null,null,null,null,null,null,null,null,null,9941,null,null,null,null,null,null,null,null,null,null,null,null,"2018",null,null,null,null
null,null,null,"24210",null,null,null,8294,null,3321,null,null,null,null,null,125508,null,null,null,null,null,null,null,null,1959,null,null,"Manningham (C)",null,null,null,null,null,null,null,null,null,null,null,null,null,null,null,null,null,null,null,null,null,null,null,null,null,-887,1362,null,null,null,null,null,null,null,null,null,null,null,null,null,null,null,null,null,null,null,2836,null,1107.3,null,null,null,null,null,null,null,null,null,null,null,null,null,7407,null,null,null,null,null,null,null,null,null,null,null,null,"2018",null,null,null,null
null,null,null,"27350",null,null,null,10757,null,4064,null,null,null,null,null,98521,null,null,null,null,null,null,null,null,1886,null,null,"Yarra (C)",null,null,null,null,null,null,null,null,null,null,null,null,null,null,null,null,null,null,null,null,null,null,null,null,null,-167,2178,null,null,null,null,null,null,null,null,null,null,null,null,null,null,null,null,null,null,null,2829,null,5041.4,null,null,null,null,null,null,null,null,null,null,null,null,null,10590,null,null,null,null,null,null,null,null,null,null,null,null,"2018",null,null,null,null
null,null,null,"24410",null,null,null,9302,null,1824,null,null,null,null,null,117498,null,null,null,null,null,null,null,null,1137,null,null,"Maroondah (C)",null,null,null,null,null,null,null,null,null,null,null,null,null,null,null,null,null,null,null,null,null,null,null,null,null,-669,687,null,null,null,null,null,null,null,null,null,null,null,null,null,null,null,null,null,null,null,2876,null,1913.3,null,null,null,null,null,null,null,null,null,null,null,null,null,8633,null,null,null,null,null,null,null,null,null,null,null,null,"2018",null,null,null,null
null,null,null,"22830",null,null,null,3789,null,858,null,null,null,null,null,66007,null,null,null,null,null,null,null,null,537,null,null,"Greater Shepparton (C)",null,null,null,null,null,null,null,null,null,null,null,null,null,null,null,null,null,null,null,null,null,null,null,null,null,-514,321,null,null,null,null,null,null,null,null,null,null,null,null,null,null,null,null,null,null,null,2913,null,27.3,null,null,null,null,null,null,null,null,null,null,null,null,null,3275,null,null,null,null,null,null,null,null,null,null,null,null,"2018",null,null,null,null
null,null,null,"26670",null,null,null,474,null,14,null,null,null,null,null,6054,null,null,null,null,null,null,null,null,9,null,null,"Towong (S)",null,null,null,null,null,null,null,null,null,null,null,null,null,null,null,null,null,null,null,null,null,null,null,null,null,9,5,null,null,null,null,null,null,null,null,null,null,null,null,null,null,null,null,null,null,null,2983,null,0.9,null,null,null,null,null,null,null,null,null,null,null,null,null,483,null,null,null,null,null,null,null,null,null,null,null,null,"2018",null,null,null,null
null,null,null,"29399",null,null,null,62,null,9,null,null,null,null,null,889,null,null,null,null,null,null,null,null,6,null,null,"Unincorporated Vic",null,null,null,null,null,null,null,null,null,null,null,null,null,null,null,null,null,null,null,null,null,null,null,null,null,-20,3,null,null,null,null,null,null,null,null,null,null,null,null,null,null,null,null,null,null,null,2997,null,3.1,null,null,null,null,null,null,null,null,null,null,null,null,null,42,null,null,null,null,null,null,null,null,null,null,null,null,"2018",null,null,null,null
null,null,null,"24970",null,null,null,15619,null,12157,null,null,null,null,null,200077,null,null,null,null,null,null,null,null,6329,null,null,"Monash (C)",null,null,null,null,null,null,null,null,null,null,null,null,null,null,null,null,null,null,null,null,null,null,null,null,null,-3718,5828,null,null,null,null,null,null,null,null,null,null,null,null,null,null,null,null,null,null,null,3109,null,2455.4,null,null,null,null,null,null,null,null,null,null,null,null,null,11901,null,null,null,null,null,null,null,null,null,null,null,null,"2018",null,null,null,null
null,null,null,"26730",null,null,null,2016,null,468,null,null,null,null,null,34862,null,null,null,null,null,null,null,null,293,null,null,"Warrnambool (C)",null,null,null,null,null,null,null,null,null,null,null,null,null,null,null,null,null,null,null,null,null,null,null,null,null,-68,175,null,null,null,null,null,null,null,null,null,null,null,null,null,null,null,null,null,null,null,3333,null,288.2,null,null,null,null,null,null,null,null,null,null,null,null,null,1948,null,null,null,null,null,null,null,null,null,null,null,null,"2018",null,null,null,null
null,null,null,"27170",null,null,null,3591,null,302,null,null,null,null,null,41429,null,null,null,null,null,null,null,null,188,null,null,"Wodonga (C)",null,null,null,null,null,null,null,null,null,null,null,null,null,null,null,null,null,null,null,null,null,null,null,null,null,156,114,null,null,null,null,null,null,null,null,null,null,null,null,null,null,null,null,null,null,null,3774,null,95.7,null,null,null,null,null,null,null,null,null,null,null,null,null,3747,null,null,null,null,null,null,null,null,null,null,null,null,"2018",null,null,null,null
